{"step": 36512000, "total_loss": 53.880828857421875, "mean_episode_return": 9.0, "pg_loss": -56.33928680419922, "baseline_loss": 111.80992889404297, "entropy_loss": -1.5898151397705078, "_tick": 11410, "_time": 1682871394.7700539, "_timestamp": 1682871394.7704525, "_runtime": 32100.840212583542, "_step": 36512000}