{"step": 192000, "total_loss": -9.274292945861816, "mean_episode_return": NaN, "pg_loss": -3.544452428817749, "baseline_loss": 0.0008985883905552328, "entropy_loss": -5.730739116668701, "_tick": 60, "_time": 1682838629.3509998, "_timestamp": 1682838629.3513892, "_runtime": 211.94149327278137, "_step": 192000}